question_id,prompt_condition,domain,difficulty,response_format,item_source,correct
q_000001,direct,coding,hard,multiple_choice,public_benchmark,1
q_000001,reasoning,coding,hard,multiple_choice,public_benchmark,1
q_000002,direct,factual,hard,multiple_choice,public_benchmark,1
q_000002,reasoning,factual,hard,multiple_choice,public_benchmark,1
q_000003,direct,factual,easy,multiple_choice,public_benchmark,1
q_000003,reasoning,factual,easy,multiple_choice,public_benchmark,1
q_000004,direct,math,easy,multiple_choice,public_benchmark,0
q_000004,reasoning,math,easy,multiple_choice,public_benchmark,0
q_000005,direct,math,easy,multiple_choice,course_written,0
q_000005,reasoning,math,easy,multiple_choice,course_written,0
q_000006,direct,coding,hard,multiple_choice,public_benchmark,0
q_000006,reasoning,coding,hard,multiple_choice,public_benchmark,0
q_000007,direct,math,easy,multiple_choice,public_benchmark,1
q_000007,reasoning,math,easy,multiple_choice,public_benchmark,1
q_000008,direct,coding,easy,multiple_choice,course_written,1
q_000008,reasoning,coding,easy,multiple_choice,course_written,1
q_000009,direct,factual,easy,free_response,public_benchmark,0
q_000009,reasoning,factual,easy,free_response,public_benchmark,0
q_000010,direct,math,easy,free_response,public_benchmark,0
q_000010,reasoning,math,easy,free_response,public_benchmark,0
q_000011,direct,factual,easy,multiple_choice,course_written,0
q_000011,reasoning,factual,easy,multiple_choice,course_written,0
q_000012,direct,math,easy,multiple_choice,public_benchmark,0
q_000012,reasoning,math,easy,multiple_choice,public_benchmark,1
q_000013,direct,math,hard,multiple_choice,course_written,0
q_000013,reasoning,math,hard,multiple_choice,course_written,0
q_000014,direct,coding,easy,free_response,course_written,1
q_000014,reasoning,coding,easy,free_response,course_written,1
q_000015,direct,coding,hard,multiple_choice,public_benchmark,1
q_000015,reasoning,coding,hard,multiple_choice,public_benchmark,1
q_000016,direct,coding,hard,multiple_choice,public_benchmark,1
q_000016,reasoning,coding,hard,multiple_choice,public_benchmark,1
q_000017,direct,coding,easy,multiple_choice,course_written,1
q_000017,reasoning,coding,easy,multiple_choice,course_written,1
q_000018,direct,coding,hard,multiple_choice,course_written,1
q_000018,reasoning,coding,hard,multiple_choice,course_written,1
q_000019,direct,factual,easy,multiple_choice,public_benchmark,1
q_000019,reasoning,factual,easy,multiple_choice,public_benchmark,1
q_000020,direct,factual,easy,multiple_choice,public_benchmark,1
q_000020,reasoning,factual,easy,multiple_choice,public_benchmark,1
q_000021,direct,factual,easy,multiple_choice,course_written,0
q_000021,reasoning,factual,easy,multiple_choice,course_written,1
q_000022,direct,coding,easy,multiple_choice,public_benchmark,1
q_000022,reasoning,coding,easy,multiple_choice,public_benchmark,1
q_000023,direct,math,hard,free_response,public_benchmark,1
q_000023,reasoning,math,hard,free_response,public_benchmark,1
q_000024,direct,coding,easy,free_response,public_benchmark,1
q_000024,reasoning,coding,easy,free_response,public_benchmark,0
q_000025,direct,factual,easy,multiple_choice,public_benchmark,1
q_000025,reasoning,factual,easy,multiple_choice,public_benchmark,1
q_000026,direct,math,easy,free_response,public_benchmark,1
q_000026,reasoning,math,easy,free_response,public_benchmark,1
q_000027,direct,coding,easy,multiple_choice,public_benchmark,1
q_000027,reasoning,coding,easy,multiple_choice,public_benchmark,1
q_000028,direct,coding,hard,free_response,course_written,0
q_000028,reasoning,coding,hard,free_response,course_written,0
q_000029,direct,math,hard,multiple_choice,public_benchmark,1
q_000029,reasoning,math,hard,multiple_choice,public_benchmark,1
q_000030,direct,factual,easy,free_response,public_benchmark,0
q_000030,reasoning,factual,easy,free_response,public_benchmark,0
q_000031,direct,coding,hard,multiple_choice,public_benchmark,0
q_000031,reasoning,coding,hard,multiple_choice,public_benchmark,0
q_000032,direct,math,easy,multiple_choice,course_written,1
q_000032,reasoning,math,easy,multiple_choice,course_written,1
q_000033,direct,factual,easy,multiple_choice,course_written,0
q_000033,reasoning,factual,easy,multiple_choice,course_written,0
q_000034,direct,coding,easy,multiple_choice,public_benchmark,1
q_000034,reasoning,coding,easy,multiple_choice,public_benchmark,1
q_000035,direct,factual,hard,multiple_choice,public_benchmark,0
q_000035,reasoning,factual,hard,multiple_choice,public_benchmark,0
q_000036,direct,coding,easy,free_response,public_benchmark,0
q_000036,reasoning,coding,easy,free_response,public_benchmark,1
q_000037,direct,math,hard,free_response,public_benchmark,1
q_000037,reasoning,math,hard,free_response,public_benchmark,1
q_000038,direct,factual,easy,free_response,public_benchmark,1
q_000038,reasoning,factual,easy,free_response,public_benchmark,1
q_000039,direct,coding,hard,free_response,public_benchmark,0
q_000039,reasoning,coding,hard,free_response,public_benchmark,0
q_000040,direct,factual,easy,multiple_choice,course_written,0
q_000040,reasoning,factual,easy,multiple_choice,course_written,0
q_000041,direct,coding,hard,multiple_choice,course_written,0
q_000041,reasoning,coding,hard,multiple_choice,course_written,0
q_000042,direct,math,hard,free_response,public_benchmark,0
q_000042,reasoning,math,hard,free_response,public_benchmark,1
q_000043,direct,factual,hard,multiple_choice,course_written,1
q_000043,reasoning,factual,hard,multiple_choice,course_written,1
q_000044,direct,math,hard,free_response,public_benchmark,0
q_000044,reasoning,math,hard,free_response,public_benchmark,0
q_000045,direct,math,hard,multiple_choice,public_benchmark,1
q_000045,reasoning,math,hard,multiple_choice,public_benchmark,0
q_000046,direct,factual,easy,multiple_choice,public_benchmark,1
q_000046,reasoning,factual,easy,multiple_choice,public_benchmark,1
q_000047,direct,math,easy,multiple_choice,course_written,0
q_000047,reasoning,math,easy,multiple_choice,course_written,0
q_000048,direct,coding,easy,multiple_choice,public_benchmark,0
q_000048,reasoning,coding,easy,multiple_choice,public_benchmark,0
q_000049,direct,math,hard,free_response,public_benchmark,0
q_000049,reasoning,math,hard,free_response,public_benchmark,0
q_000050,direct,coding,hard,free_response,course_written,1
q_000050,reasoning,coding,hard,free_response,course_written,0
q_000051,direct,factual,easy,free_response,course_written,1
q_000051,reasoning,factual,easy,free_response,course_written,0
q_000052,direct,math,easy,multiple_choice,public_benchmark,0
q_000052,reasoning,math,easy,multiple_choice,public_benchmark,1
q_000053,direct,math,hard,free_response,course_written,0
q_000053,reasoning,math,hard,free_response,course_written,1
q_000054,direct,factual,easy,free_response,course_written,0
q_000054,reasoning,factual,easy,free_response,course_written,0
q_000055,direct,factual,easy,multiple_choice,course_written,0
q_000055,reasoning,factual,easy,multiple_choice,course_written,0
q_000056,direct,math,easy,multiple_choice,course_written,1
q_000056,reasoning,math,easy,multiple_choice,course_written,1
q_000057,direct,coding,easy,multiple_choice,course_written,1
q_000057,reasoning,coding,easy,multiple_choice,course_written,1
q_000058,direct,coding,easy,free_response,course_written,0
q_000058,reasoning,coding,easy,free_response,course_written,1
q_000059,direct,factual,easy,free_response,course_written,0
q_000059,reasoning,factual,easy,free_response,course_written,1
q_000060,direct,math,hard,free_response,public_benchmark,1
q_000060,reasoning,math,hard,free_response,public_benchmark,1
q_000061,direct,coding,hard,free_response,public_benchmark,0
q_000061,reasoning,coding,hard,free_response,public_benchmark,0
q_000062,direct,factual,easy,free_response,public_benchmark,0
q_000062,reasoning,factual,easy,free_response,public_benchmark,1
q_000063,direct,coding,hard,multiple_choice,course_written,1
q_000063,reasoning,coding,hard,multiple_choice,course_written,0
q_000064,direct,coding,hard,free_response,public_benchmark,1
q_000064,reasoning,coding,hard,free_response,public_benchmark,1
q_000065,direct,coding,easy,multiple_choice,public_benchmark,0
q_000065,reasoning,coding,easy,multiple_choice,public_benchmark,1
q_000066,direct,coding,easy,multiple_choice,public_benchmark,1
q_000066,reasoning,coding,easy,multiple_choice,public_benchmark,1
q_000067,direct,factual,easy,multiple_choice,public_benchmark,0
q_000067,reasoning,factual,easy,multiple_choice,public_benchmark,0
q_000068,direct,factual,easy,free_response,course_written,1
q_000068,reasoning,factual,easy,free_response,course_written,1
q_000069,direct,factual,easy,free_response,public_benchmark,1
q_000069,reasoning,factual,easy,free_response,public_benchmark,1
q_000070,direct,coding,hard,multiple_choice,public_benchmark,1
q_000070,reasoning,coding,hard,multiple_choice,public_benchmark,1
q_000071,direct,math,hard,multiple_choice,public_benchmark,0
q_000071,reasoning,math,hard,multiple_choice,public_benchmark,1
q_000072,direct,math,easy,free_response,course_written,1
q_000072,reasoning,math,easy,free_response,course_written,1
q_000073,direct,factual,hard,free_response,public_benchmark,0
q_000073,reasoning,factual,hard,free_response,public_benchmark,0
q_000074,direct,coding,hard,free_response,public_benchmark,1
q_000074,reasoning,coding,hard,free_response,public_benchmark,1
q_000075,direct,coding,hard,multiple_choice,public_benchmark,1
q_000075,reasoning,coding,hard,multiple_choice,public_benchmark,1
q_000076,direct,coding,hard,free_response,course_written,1
q_000076,reasoning,coding,hard,free_response,course_written,1
q_000077,direct,factual,easy,multiple_choice,course_written,1
q_000077,reasoning,factual,easy,multiple_choice,course_written,1
q_000078,direct,math,easy,free_response,public_benchmark,1
q_000078,reasoning,math,easy,free_response,public_benchmark,1
q_000079,direct,coding,hard,free_response,public_benchmark,1
q_000079,reasoning,coding,hard,free_response,public_benchmark,1
q_000080,direct,coding,hard,multiple_choice,course_written,0
q_000080,reasoning,coding,hard,multiple_choice,course_written,0
q_000081,direct,factual,easy,multiple_choice,public_benchmark,0
q_000081,reasoning,factual,easy,multiple_choice,public_benchmark,0
q_000082,direct,factual,hard,multiple_choice,public_benchmark,0
q_000082,reasoning,factual,hard,multiple_choice,public_benchmark,0
q_000083,direct,coding,hard,multiple_choice,public_benchmark,0
q_000083,reasoning,coding,hard,multiple_choice,public_benchmark,0
q_000084,direct,factual,hard,free_response,course_written,0
q_000084,reasoning,factual,hard,free_response,course_written,0
q_000085,direct,factual,easy,multiple_choice,public_benchmark,1
q_000085,reasoning,factual,easy,multiple_choice,public_benchmark,1
q_000086,direct,factual,hard,free_response,course_written,1
q_000086,reasoning,factual,hard,free_response,course_written,0
q_000087,direct,math,hard,multiple_choice,public_benchmark,1
q_000087,reasoning,math,hard,multiple_choice,public_benchmark,1
q_000088,direct,coding,hard,free_response,public_benchmark,1
q_000088,reasoning,coding,hard,free_response,public_benchmark,0
q_000089,direct,math,hard,multiple_choice,course_written,0
q_000089,reasoning,math,hard,multiple_choice,course_written,1
q_000090,direct,coding,hard,multiple_choice,public_benchmark,1
q_000090,reasoning,coding,hard,multiple_choice,public_benchmark,1
q_000091,direct,factual,easy,free_response,public_benchmark,1
q_000091,reasoning,factual,easy,free_response,public_benchmark,1
q_000092,direct,math,easy,free_response,public_benchmark,1
q_000092,reasoning,math,easy,free_response,public_benchmark,1
q_000093,direct,coding,hard,multiple_choice,course_written,0
q_000093,reasoning,coding,hard,multiple_choice,course_written,0
q_000094,direct,coding,easy,multiple_choice,course_written,0
q_000094,reasoning,coding,easy,multiple_choice,course_written,0
q_000095,direct,factual,easy,free_response,public_benchmark,0
q_000095,reasoning,factual,easy,free_response,public_benchmark,1
q_000096,direct,coding,hard,multiple_choice,course_written,0
q_000096,reasoning,coding,hard,multiple_choice,course_written,1
q_000097,direct,factual,hard,multiple_choice,public_benchmark,0
q_000097,reasoning,factual,hard,multiple_choice,public_benchmark,0
q_000098,direct,coding,hard,multiple_choice,public_benchmark,0
q_000098,reasoning,coding,hard,multiple_choice,public_benchmark,0
q_000099,direct,coding,hard,multiple_choice,course_written,1
q_000099,reasoning,coding,hard,multiple_choice,course_written,1
q_000100,direct,coding,hard,free_response,public_benchmark,0
q_000100,reasoning,coding,hard,free_response,public_benchmark,0
q_000101,direct,math,easy,free_response,course_written,0
q_000101,reasoning,math,easy,free_response,course_written,0
q_000102,direct,math,easy,free_response,public_benchmark,0
q_000102,reasoning,math,easy,free_response,public_benchmark,0
q_000103,direct,math,easy,multiple_choice,course_written,1
q_000103,reasoning,math,easy,multiple_choice,course_written,1
q_000104,direct,factual,easy,free_response,public_benchmark,0
q_000104,reasoning,factual,easy,free_response,public_benchmark,0
q_000105,direct,factual,easy,multiple_choice,public_benchmark,1
q_000105,reasoning,factual,easy,multiple_choice,public_benchmark,0
q_000106,direct,factual,hard,multiple_choice,public_benchmark,1
q_000106,reasoning,factual,hard,multiple_choice,public_benchmark,1
q_000107,direct,math,hard,multiple_choice,public_benchmark,0
q_000107,reasoning,math,hard,multiple_choice,public_benchmark,0
q_000108,direct,factual,hard,multiple_choice,public_benchmark,0
q_000108,reasoning,factual,hard,multiple_choice,public_benchmark,0
q_000109,direct,factual,easy,free_response,public_benchmark,0
q_000109,reasoning,factual,easy,free_response,public_benchmark,1
q_000110,direct,coding,easy,multiple_choice,public_benchmark,1
q_000110,reasoning,coding,easy,multiple_choice,public_benchmark,1
q_000111,direct,math,easy,free_response,course_written,0
q_000111,reasoning,math,easy,free_response,course_written,1
q_000112,direct,coding,hard,free_response,course_written,0
q_000112,reasoning,coding,hard,free_response,course_written,0
q_000113,direct,coding,hard,free_response,public_benchmark,1
q_000113,reasoning,coding,hard,free_response,public_benchmark,1
q_000114,direct,coding,hard,multiple_choice,public_benchmark,1
q_000114,reasoning,coding,hard,multiple_choice,public_benchmark,1
q_000115,direct,factual,easy,multiple_choice,course_written,0
q_000115,reasoning,factual,easy,multiple_choice,course_written,1
q_000116,direct,factual,easy,free_response,public_benchmark,1
q_000116,reasoning,factual,easy,free_response,public_benchmark,1
q_000117,direct,math,easy,multiple_choice,course_written,1
q_000117,reasoning,math,easy,multiple_choice,course_written,0
q_000118,direct,math,hard,multiple_choice,public_benchmark,0
q_000118,reasoning,math,hard,multiple_choice,public_benchmark,0
q_000119,direct,math,easy,free_response,public_benchmark,0
q_000119,reasoning,math,easy,free_response,public_benchmark,0
q_000120,direct,factual,easy,free_response,course_written,1
q_000120,reasoning,factual,easy,free_response,course_written,1
q_000121,direct,factual,easy,multiple_choice,public_benchmark,1
q_000121,reasoning,factual,easy,multiple_choice,public_benchmark,1
q_000122,direct,factual,easy,free_response,public_benchmark,1
q_000122,reasoning,factual,easy,free_response,public_benchmark,1
q_000123,direct,math,easy,multiple_choice,course_written,0
q_000123,reasoning,math,easy,multiple_choice,course_written,1
q_000124,direct,factual,hard,free_response,course_written,1
q_000124,reasoning,factual,hard,free_response,course_written,1
q_000125,direct,math,hard,free_response,public_benchmark,1
q_000125,reasoning,math,hard,free_response,public_benchmark,0
q_000126,direct,factual,easy,free_response,public_benchmark,0
q_000126,reasoning,factual,easy,free_response,public_benchmark,0
q_000127,direct,math,easy,multiple_choice,public_benchmark,0
q_000127,reasoning,math,easy,multiple_choice,public_benchmark,1
q_000128,direct,factual,easy,multiple_choice,public_benchmark,1
q_000128,reasoning,factual,easy,multiple_choice,public_benchmark,1
q_000129,direct,coding,easy,free_response,course_written,0
q_000129,reasoning,coding,easy,free_response,course_written,1
q_000130,direct,coding,hard,multiple_choice,public_benchmark,1
q_000130,reasoning,coding,hard,multiple_choice,public_benchmark,1
q_000131,direct,math,hard,multiple_choice,course_written,0
q_000131,reasoning,math,hard,multiple_choice,course_written,1
q_000132,direct,factual,hard,multiple_choice,public_benchmark,1
q_000132,reasoning,factual,hard,multiple_choice,public_benchmark,1
q_000133,direct,factual,hard,free_response,public_benchmark,1
q_000133,reasoning,factual,hard,free_response,public_benchmark,1
q_000134,direct,factual,easy,multiple_choice,public_benchmark,1
q_000134,reasoning,factual,easy,multiple_choice,public_benchmark,1
q_000135,direct,factual,easy,free_response,public_benchmark,1
q_000135,reasoning,factual,easy,free_response,public_benchmark,1
q_000136,direct,math,hard,free_response,public_benchmark,1
q_000136,reasoning,math,hard,free_response,public_benchmark,1
q_000137,direct,math,easy,free_response,course_written,0
q_000137,reasoning,math,easy,free_response,course_written,1
q_000138,direct,factual,easy,free_response,course_written,1
q_000138,reasoning,factual,easy,free_response,course_written,1
q_000139,direct,math,hard,multiple_choice,public_benchmark,0
q_000139,reasoning,math,hard,multiple_choice,public_benchmark,0
q_000140,direct,math,easy,multiple_choice,course_written,0
q_000140,reasoning,math,easy,multiple_choice,course_written,0
q_000141,direct,coding,easy,multiple_choice,public_benchmark,0
q_000141,reasoning,coding,easy,multiple_choice,public_benchmark,0
q_000142,direct,coding,hard,free_response,public_benchmark,0
q_000142,reasoning,coding,hard,free_response,public_benchmark,0
q_000143,direct,coding,easy,free_response,public_benchmark,0
q_000143,reasoning,coding,easy,free_response,public_benchmark,1
q_000144,direct,math,hard,free_response,public_benchmark,1
q_000144,reasoning,math,hard,free_response,public_benchmark,1
q_000145,direct,math,easy,free_response,public_benchmark,1
q_000145,reasoning,math,easy,free_response,public_benchmark,1
q_000146,direct,factual,hard,multiple_choice,public_benchmark,0
q_000146,reasoning,factual,hard,multiple_choice,public_benchmark,0
q_000147,direct,factual,hard,free_response,public_benchmark,0
q_000147,reasoning,factual,hard,free_response,public_benchmark,1
q_000148,direct,coding,hard,multiple_choice,public_benchmark,0
q_000148,reasoning,coding,hard,multiple_choice,public_benchmark,0
q_000149,direct,factual,easy,free_response,course_written,0
q_000149,reasoning,factual,easy,free_response,course_written,1
q_000150,direct,math,easy,multiple_choice,public_benchmark,1
q_000150,reasoning,math,easy,multiple_choice,public_benchmark,1
q_000151,direct,coding,easy,multiple_choice,public_benchmark,0
q_000151,reasoning,coding,easy,multiple_choice,public_benchmark,0
q_000152,direct,math,hard,multiple_choice,public_benchmark,0
q_000152,reasoning,math,hard,multiple_choice,public_benchmark,0
q_000153,direct,factual,hard,multiple_choice,public_benchmark,1
q_000153,reasoning,factual,hard,multiple_choice,public_benchmark,1
q_000154,direct,factual,hard,free_response,public_benchmark,1
q_000154,reasoning,factual,hard,free_response,public_benchmark,1
q_000155,direct,coding,hard,multiple_choice,course_written,0
q_000155,reasoning,coding,hard,multiple_choice,course_written,0
q_000156,direct,math,hard,multiple_choice,course_written,1
q_000156,reasoning,math,hard,multiple_choice,course_written,0
q_000157,direct,coding,hard,multiple_choice,public_benchmark,1
q_000157,reasoning,coding,hard,multiple_choice,public_benchmark,0
q_000158,direct,math,hard,multiple_choice,public_benchmark,1
q_000158,reasoning,math,hard,multiple_choice,public_benchmark,1
q_000159,direct,coding,hard,multiple_choice,public_benchmark,1
q_000159,reasoning,coding,hard,multiple_choice,public_benchmark,1
q_000160,direct,coding,hard,free_response,course_written,0
q_000160,reasoning,coding,hard,free_response,course_written,0
q_000161,direct,math,hard,free_response,course_written,1
q_000161,reasoning,math,hard,free_response,course_written,0
q_000162,direct,factual,easy,free_response,public_benchmark,1
q_000162,reasoning,factual,easy,free_response,public_benchmark,1
q_000163,direct,coding,easy,multiple_choice,course_written,1
q_000163,reasoning,coding,easy,multiple_choice,course_written,0
q_000164,direct,math,hard,multiple_choice,public_benchmark,0
q_000164,reasoning,math,hard,multiple_choice,public_benchmark,1
q_000165,direct,coding,hard,free_response,public_benchmark,1
q_000165,reasoning,coding,hard,free_response,public_benchmark,1
q_000166,direct,factual,easy,free_response,course_written,0
q_000166,reasoning,factual,easy,free_response,course_written,1
q_000167,direct,coding,hard,multiple_choice,course_written,1
q_000167,reasoning,coding,hard,multiple_choice,course_written,1
q_000168,direct,coding,hard,multiple_choice,public_benchmark,1
q_000168,reasoning,coding,hard,multiple_choice,public_benchmark,1
q_000169,direct,math,easy,multiple_choice,public_benchmark,1
q_000169,reasoning,math,easy,multiple_choice,public_benchmark,0
q_000170,direct,factual,easy,free_response,public_benchmark,0
q_000170,reasoning,factual,easy,free_response,public_benchmark,0
q_000171,direct,math,hard,multiple_choice,course_written,1
q_000171,reasoning,math,hard,multiple_choice,course_written,1
q_000172,direct,factual,hard,multiple_choice,course_written,1
q_000172,reasoning,factual,hard,multiple_choice,course_written,1
q_000173,direct,factual,hard,free_response,course_written,0
q_000173,reasoning,factual,hard,free_response,course_written,0
q_000174,direct,coding,hard,free_response,public_benchmark,1
q_000174,reasoning,coding,hard,free_response,public_benchmark,1
q_000175,direct,math,hard,free_response,public_benchmark,0
q_000175,reasoning,math,hard,free_response,public_benchmark,0
q_000176,direct,math,hard,multiple_choice,course_written,0
q_000176,reasoning,math,hard,multiple_choice,course_written,0
q_000177,direct,math,hard,multiple_choice,course_written,0
q_000177,reasoning,math,hard,multiple_choice,course_written,1
q_000178,direct,math,hard,multiple_choice,course_written,1
q_000178,reasoning,math,hard,multiple_choice,course_written,0
q_000179,direct,factual,hard,multiple_choice,course_written,0
q_000179,reasoning,factual,hard,multiple_choice,course_written,0
q_000180,direct,coding,easy,free_response,course_written,0
q_000180,reasoning,coding,easy,free_response,course_written,1
q_000181,direct,math,easy,free_response,public_benchmark,0
q_000181,reasoning,math,easy,free_response,public_benchmark,0
q_000182,direct,factual,easy,multiple_choice,course_written,1
q_000182,reasoning,factual,easy,multiple_choice,course_written,1
q_000183,direct,math,easy,multiple_choice,public_benchmark,0
q_000183,reasoning,math,easy,multiple_choice,public_benchmark,0
q_000184,direct,coding,easy,free_response,course_written,1
q_000184,reasoning,coding,easy,free_response,course_written,0
q_000185,direct,coding,easy,multiple_choice,course_written,1
q_000185,reasoning,coding,easy,multiple_choice,course_written,1
q_000186,direct,math,easy,free_response,public_benchmark,1
q_000186,reasoning,math,easy,free_response,public_benchmark,1
q_000187,direct,factual,hard,multiple_choice,public_benchmark,1
q_000187,reasoning,factual,hard,multiple_choice,public_benchmark,1
q_000188,direct,factual,easy,multiple_choice,public_benchmark,0
q_000188,reasoning,factual,easy,multiple_choice,public_benchmark,0
q_000189,direct,math,easy,multiple_choice,public_benchmark,1
q_000189,reasoning,math,easy,multiple_choice,public_benchmark,1
q_000190,direct,factual,hard,multiple_choice,course_written,0
q_000190,reasoning,factual,hard,multiple_choice,course_written,0
q_000191,direct,factual,hard,multiple_choice,public_benchmark,0
q_000191,reasoning,factual,hard,multiple_choice,public_benchmark,1
q_000192,direct,factual,easy,free_response,course_written,1
q_000192,reasoning,factual,easy,free_response,course_written,1
q_000193,direct,factual,easy,multiple_choice,public_benchmark,0
q_000193,reasoning,factual,easy,multiple_choice,public_benchmark,1
q_000194,direct,coding,easy,free_response,public_benchmark,1
q_000194,reasoning,coding,easy,free_response,public_benchmark,1
q_000195,direct,coding,easy,multiple_choice,public_benchmark,1
q_000195,reasoning,coding,easy,multiple_choice,public_benchmark,0
q_000196,direct,math,easy,multiple_choice,course_written,0
q_000196,reasoning,math,easy,multiple_choice,course_written,0
q_000197,direct,factual,easy,multiple_choice,public_benchmark,0
q_000197,reasoning,factual,easy,multiple_choice,public_benchmark,0
q_000198,direct,math,easy,free_response,public_benchmark,1
q_000198,reasoning,math,easy,free_response,public_benchmark,1
q_000199,direct,math,easy,multiple_choice,course_written,1
q_000199,reasoning,math,easy,multiple_choice,course_written,1
q_000200,direct,coding,easy,multiple_choice,course_written,0
q_000200,reasoning,coding,easy,multiple_choice,course_written,0
q_000201,direct,math,easy,free_response,public_benchmark,0
q_000201,reasoning,math,easy,free_response,public_benchmark,0
q_000202,direct,coding,hard,free_response,course_written,1
q_000202,reasoning,coding,hard,free_response,course_written,1
q_000203,direct,coding,hard,multiple_choice,course_written,1
q_000203,reasoning,coding,hard,multiple_choice,course_written,1
q_000204,direct,math,easy,multiple_choice,public_benchmark,1
q_000204,reasoning,math,easy,multiple_choice,public_benchmark,1
q_000205,direct,math,easy,multiple_choice,course_written,0
q_000205,reasoning,math,easy,multiple_choice,course_written,0
q_000206,direct,coding,easy,multiple_choice,course_written,0
q_000206,reasoning,coding,easy,multiple_choice,course_written,0
q_000207,direct,math,hard,multiple_choice,public_benchmark,1
q_000207,reasoning,math,hard,multiple_choice,public_benchmark,1
q_000208,direct,factual,hard,multiple_choice,course_written,0
q_000208,reasoning,factual,hard,multiple_choice,course_written,0
q_000209,direct,math,hard,multiple_choice,public_benchmark,0
q_000209,reasoning,math,hard,multiple_choice,public_benchmark,0
q_000210,direct,factual,easy,multiple_choice,course_written,0
q_000210,reasoning,factual,easy,multiple_choice,course_written,0
q_000211,direct,factual,hard,free_response,public_benchmark,0
q_000211,reasoning,factual,hard,free_response,public_benchmark,1
q_000212,direct,factual,hard,free_response,course_written,0
q_000212,reasoning,factual,hard,free_response,course_written,0
q_000213,direct,factual,easy,free_response,public_benchmark,1
q_000213,reasoning,factual,easy,free_response,public_benchmark,1
q_000214,direct,coding,hard,multiple_choice,public_benchmark,0
q_000214,reasoning,coding,hard,multiple_choice,public_benchmark,1
q_000215,direct,factual,easy,free_response,public_benchmark,0
q_000215,reasoning,factual,easy,free_response,public_benchmark,0
q_000216,direct,factual,hard,multiple_choice,course_written,1
q_000216,reasoning,factual,hard,multiple_choice,course_written,1
q_000217,direct,coding,hard,multiple_choice,public_benchmark,0
q_000217,reasoning,coding,hard,multiple_choice,public_benchmark,0
q_000218,direct,factual,easy,free_response,public_benchmark,0
q_000218,reasoning,factual,easy,free_response,public_benchmark,1
q_000219,direct,factual,hard,free_response,public_benchmark,0
q_000219,reasoning,factual,hard,free_response,public_benchmark,0
q_000220,direct,coding,hard,multiple_choice,course_written,0
q_000220,reasoning,coding,hard,multiple_choice,course_written,0
q_000221,direct,math,easy,multiple_choice,course_written,0
q_000221,reasoning,math,easy,multiple_choice,course_written,0
q_000222,direct,factual,hard,multiple_choice,course_written,0
q_000222,reasoning,factual,hard,multiple_choice,course_written,1
q_000223,direct,factual,easy,multiple_choice,public_benchmark,1
q_000223,reasoning,factual,easy,multiple_choice,public_benchmark,1
q_000224,direct,coding,hard,free_response,course_written,0
q_000224,reasoning,coding,hard,free_response,course_written,0
q_000225,direct,factual,easy,multiple_choice,public_benchmark,1
q_000225,reasoning,factual,easy,multiple_choice,public_benchmark,1
q_000226,direct,coding,easy,multiple_choice,public_benchmark,1
q_000226,reasoning,coding,easy,multiple_choice,public_benchmark,1
q_000227,direct,factual,easy,free_response,course_written,0
q_000227,reasoning,factual,easy,free_response,course_written,0
q_000228,direct,factual,easy,multiple_choice,course_written,1
q_000228,reasoning,factual,easy,multiple_choice,course_written,1
q_000229,direct,math,hard,multiple_choice,public_benchmark,1
q_000229,reasoning,math,hard,multiple_choice,public_benchmark,1
q_000230,direct,math,hard,multiple_choice,public_benchmark,0
q_000230,reasoning,math,hard,multiple_choice,public_benchmark,1
q_000231,direct,math,hard,free_response,public_benchmark,1
q_000231,reasoning,math,hard,free_response,public_benchmark,1
q_000232,direct,math,easy,multiple_choice,public_benchmark,1
q_000232,reasoning,math,easy,multiple_choice,public_benchmark,1
q_000233,direct,factual,easy,multiple_choice,course_written,1
q_000233,reasoning,factual,easy,multiple_choice,course_written,1
q_000234,direct,factual,easy,free_response,public_benchmark,1
q_000234,reasoning,factual,easy,free_response,public_benchmark,1
q_000235,direct,coding,easy,multiple_choice,public_benchmark,1
q_000235,reasoning,coding,easy,multiple_choice,public_benchmark,1
q_000236,direct,math,easy,free_response,public_benchmark,0
q_000236,reasoning,math,easy,free_response,public_benchmark,0
q_000237,direct,factual,easy,multiple_choice,public_benchmark,0
q_000237,reasoning,factual,easy,multiple_choice,public_benchmark,1
q_000238,direct,math,easy,multiple_choice,public_benchmark,1
q_000238,reasoning,math,easy,multiple_choice,public_benchmark,1
q_000239,direct,factual,easy,multiple_choice,public_benchmark,0
q_000239,reasoning,factual,easy,multiple_choice,public_benchmark,0
q_000240,direct,coding,easy,multiple_choice,course_written,1
q_000240,reasoning,coding,easy,multiple_choice,course_written,1
q_000241,direct,math,easy,multiple_choice,public_benchmark,0
q_000241,reasoning,math,easy,multiple_choice,public_benchmark,0
q_000242,direct,factual,easy,multiple_choice,course_written,0
q_000242,reasoning,factual,easy,multiple_choice,course_written,0
q_000243,direct,math,hard,free_response,public_benchmark,0
q_000243,reasoning,math,hard,free_response,public_benchmark,0
q_000244,direct,math,hard,multiple_choice,course_written,0
q_000244,reasoning,math,hard,multiple_choice,course_written,0
q_000245,direct,factual,easy,multiple_choice,public_benchmark,1
q_000245,reasoning,factual,easy,multiple_choice,public_benchmark,1
q_000246,direct,factual,hard,multiple_choice,course_written,1
q_000246,reasoning,factual,hard,multiple_choice,course_written,1
q_000247,direct,math,hard,multiple_choice,public_benchmark,1
q_000247,reasoning,math,hard,multiple_choice,public_benchmark,1
q_000248,direct,math,easy,multiple_choice,public_benchmark,1
q_000248,reasoning,math,easy,multiple_choice,public_benchmark,1
q_000249,direct,factual,hard,multiple_choice,public_benchmark,1
q_000249,reasoning,factual,hard,multiple_choice,public_benchmark,1
q_000250,direct,factual,easy,multiple_choice,course_written,1
q_000250,reasoning,factual,easy,multiple_choice,course_written,1
q_000251,direct,factual,easy,free_response,public_benchmark,0
q_000251,reasoning,factual,easy,free_response,public_benchmark,0
q_000252,direct,coding,easy,multiple_choice,course_written,0
q_000252,reasoning,coding,easy,multiple_choice,course_written,0
q_000253,direct,factual,hard,multiple_choice,public_benchmark,1
q_000253,reasoning,factual,hard,multiple_choice,public_benchmark,1
q_000254,direct,factual,hard,free_response,public_benchmark,1
q_000254,reasoning,factual,hard,free_response,public_benchmark,1
q_000255,direct,math,hard,multiple_choice,public_benchmark,0
q_000255,reasoning,math,hard,multiple_choice,public_benchmark,0
q_000256,direct,math,easy,free_response,public_benchmark,1
q_000256,reasoning,math,easy,free_response,public_benchmark,1
q_000257,direct,coding,easy,multiple_choice,public_benchmark,1
q_000257,reasoning,coding,easy,multiple_choice,public_benchmark,1
q_000258,direct,coding,easy,multiple_choice,course_written,1
q_000258,reasoning,coding,easy,multiple_choice,course_written,1
q_000259,direct,factual,easy,free_response,public_benchmark,1
q_000259,reasoning,factual,easy,free_response,public_benchmark,1
q_000260,direct,coding,hard,multiple_choice,public_benchmark,0
q_000260,reasoning,coding,hard,multiple_choice,public_benchmark,0
q_000261,direct,factual,hard,multiple_choice,public_benchmark,0
q_000261,reasoning,factual,hard,multiple_choice,public_benchmark,1
q_000262,direct,factual,hard,multiple_choice,course_written,0
q_000262,reasoning,factual,hard,multiple_choice,course_written,0
q_000263,direct,factual,easy,free_response,public_benchmark,1
q_000263,reasoning,factual,easy,free_response,public_benchmark,1
q_000264,direct,math,easy,multiple_choice,course_written,0
q_000264,reasoning,math,easy,multiple_choice,course_written,0
q_000265,direct,math,easy,free_response,public_benchmark,1
q_000265,reasoning,math,easy,free_response,public_benchmark,1
q_000266,direct,coding,hard,multiple_choice,course_written,0
q_000266,reasoning,coding,hard,multiple_choice,course_written,1
q_000267,direct,coding,hard,free_response,public_benchmark,0
q_000267,reasoning,coding,hard,free_response,public_benchmark,0
q_000268,direct,math,easy,multiple_choice,course_written,1
q_000268,reasoning,math,easy,multiple_choice,course_written,1
q_000269,direct,coding,hard,multiple_choice,public_benchmark,0
q_000269,reasoning,coding,hard,multiple_choice,public_benchmark,1
q_000270,direct,factual,easy,multiple_choice,public_benchmark,0
q_000270,reasoning,factual,easy,multiple_choice,public_benchmark,1
q_000271,direct,coding,easy,free_response,course_written,1
q_000271,reasoning,coding,easy,free_response,course_written,1
q_000272,direct,coding,hard,multiple_choice,course_written,0
q_000272,reasoning,coding,hard,multiple_choice,course_written,1
q_000273,direct,math,hard,multiple_choice,course_written,1
q_000273,reasoning,math,hard,multiple_choice,course_written,1
q_000274,direct,factual,hard,free_response,public_benchmark,1
q_000274,reasoning,factual,hard,free_response,public_benchmark,1
q_000275,direct,factual,hard,multiple_choice,public_benchmark,0
q_000275,reasoning,factual,hard,multiple_choice,public_benchmark,0
q_000276,direct,factual,easy,multiple_choice,course_written,0
q_000276,reasoning,factual,easy,multiple_choice,course_written,0
q_000277,direct,coding,easy,free_response,public_benchmark,0
q_000277,reasoning,coding,easy,free_response,public_benchmark,1
q_000278,direct,factual,easy,multiple_choice,public_benchmark,1
q_000278,reasoning,factual,easy,multiple_choice,public_benchmark,1
q_000279,direct,coding,hard,free_response,course_written,0
q_000279,reasoning,coding,hard,free_response,course_written,0
q_000280,direct,coding,easy,multiple_choice,public_benchmark,0
q_000280,reasoning,coding,easy,multiple_choice,public_benchmark,0
q_000281,direct,math,hard,multiple_choice,public_benchmark,1
q_000281,reasoning,math,hard,multiple_choice,public_benchmark,1
q_000282,direct,factual,easy,free_response,public_benchmark,1
q_000282,reasoning,factual,easy,free_response,public_benchmark,0
q_000283,direct,math,hard,free_response,public_benchmark,0
q_000283,reasoning,math,hard,free_response,public_benchmark,0
q_000284,direct,math,easy,free_response,public_benchmark,1
q_000284,reasoning,math,easy,free_response,public_benchmark,1
q_000285,direct,factual,hard,multiple_choice,public_benchmark,1
q_000285,reasoning,factual,hard,multiple_choice,public_benchmark,1
q_000286,direct,coding,easy,multiple_choice,public_benchmark,1
q_000286,reasoning,coding,easy,multiple_choice,public_benchmark,1
q_000287,direct,coding,hard,free_response,public_benchmark,0
q_000287,reasoning,coding,hard,free_response,public_benchmark,1
q_000288,direct,math,easy,free_response,public_benchmark,1
q_000288,reasoning,math,easy,free_response,public_benchmark,1
q_000289,direct,math,easy,multiple_choice,public_benchmark,0
q_000289,reasoning,math,easy,multiple_choice,public_benchmark,0
q_000290,direct,math,easy,free_response,public_benchmark,0
q_000290,reasoning,math,easy,free_response,public_benchmark,1
q_000291,direct,factual,hard,multiple_choice,course_written,1
q_000291,reasoning,factual,hard,multiple_choice,course_written,1
q_000292,direct,math,hard,free_response,public_benchmark,1
q_000292,reasoning,math,hard,free_response,public_benchmark,0
q_000293,direct,math,hard,multiple_choice,course_written,0
q_000293,reasoning,math,hard,multiple_choice,course_written,1
q_000294,direct,factual,easy,free_response,course_written,1
q_000294,reasoning,factual,easy,free_response,course_written,1
q_000295,direct,math,easy,multiple_choice,public_benchmark,1
q_000295,reasoning,math,easy,multiple_choice,public_benchmark,1
q_000296,direct,math,hard,multiple_choice,public_benchmark,0
q_000296,reasoning,math,hard,multiple_choice,public_benchmark,0
q_000297,direct,math,easy,free_response,course_written,1
q_000297,reasoning,math,easy,free_response,course_written,1
q_000298,direct,coding,hard,multiple_choice,public_benchmark,0
q_000298,reasoning,coding,hard,multiple_choice,public_benchmark,1
q_000299,direct,factual,easy,free_response,course_written,1
q_000299,reasoning,factual,easy,free_response,course_written,1
q_000300,direct,coding,easy,multiple_choice,public_benchmark,1
q_000300,reasoning,coding,easy,multiple_choice,public_benchmark,1
q_000301,direct,factual,hard,free_response,course_written,0
q_000301,reasoning,factual,hard,free_response,course_written,0
q_000302,direct,math,easy,free_response,public_benchmark,1
q_000302,reasoning,math,easy,free_response,public_benchmark,1
q_000303,direct,coding,hard,free_response,public_benchmark,0
q_000303,reasoning,coding,hard,free_response,public_benchmark,0
q_000304,direct,math,hard,multiple_choice,public_benchmark,0
q_000304,reasoning,math,hard,multiple_choice,public_benchmark,0
q_000305,direct,factual,easy,multiple_choice,public_benchmark,1
q_000305,reasoning,factual,easy,multiple_choice,public_benchmark,0
q_000306,direct,coding,easy,free_response,course_written,0
q_000306,reasoning,coding,easy,free_response,course_written,1
q_000307,direct,math,easy,free_response,course_written,0
q_000307,reasoning,math,easy,free_response,course_written,1
q_000308,direct,coding,hard,multiple_choice,public_benchmark,1
q_000308,reasoning,coding,hard,multiple_choice,public_benchmark,1
q_000309,direct,coding,hard,free_response,public_benchmark,1
q_000309,reasoning,coding,hard,free_response,public_benchmark,1
q_000310,direct,coding,easy,multiple_choice,public_benchmark,1
q_000310,reasoning,coding,easy,multiple_choice,public_benchmark,1
q_000311,direct,math,easy,multiple_choice,public_benchmark,0
q_000311,reasoning,math,easy,multiple_choice,public_benchmark,0
q_000312,direct,coding,hard,free_response,course_written,0
q_000312,reasoning,coding,hard,free_response,course_written,0
q_000313,direct,coding,easy,free_response,course_written,1
q_000313,reasoning,coding,easy,free_response,course_written,1
q_000314,direct,math,hard,multiple_choice,public_benchmark,1
q_000314,reasoning,math,hard,multiple_choice,public_benchmark,0
q_000315,direct,math,easy,multiple_choice,public_benchmark,0
q_000315,reasoning,math,easy,multiple_choice,public_benchmark,0
q_000316,direct,math,hard,free_response,public_benchmark,0
q_000316,reasoning,math,hard,free_response,public_benchmark,1
q_000317,direct,coding,hard,multiple_choice,course_written,1
q_000317,reasoning,coding,hard,multiple_choice,course_written,1
q_000318,direct,coding,hard,multiple_choice,public_benchmark,1
q_000318,reasoning,coding,hard,multiple_choice,public_benchmark,0
q_000319,direct,coding,easy,multiple_choice,public_benchmark,0
q_000319,reasoning,coding,easy,multiple_choice,public_benchmark,0
q_000320,direct,factual,easy,multiple_choice,public_benchmark,0
q_000320,reasoning,factual,easy,multiple_choice,public_benchmark,0
q_000321,direct,factual,easy,multiple_choice,public_benchmark,1
q_000321,reasoning,factual,easy,multiple_choice,public_benchmark,1
q_000322,direct,coding,easy,free_response,course_written,0
q_000322,reasoning,coding,easy,free_response,course_written,0
q_000323,direct,coding,easy,multiple_choice,course_written,0
q_000323,reasoning,coding,easy,multiple_choice,course_written,0
q_000324,direct,math,hard,multiple_choice,public_benchmark,0
q_000324,reasoning,math,hard,multiple_choice,public_benchmark,0
q_000325,direct,factual,hard,free_response,public_benchmark,1
q_000325,reasoning,factual,hard,free_response,public_benchmark,0
q_000326,direct,coding,easy,free_response,public_benchmark,1
q_000326,reasoning,coding,easy,free_response,public_benchmark,0
q_000327,direct,math,easy,free_response,public_benchmark,0
q_000327,reasoning,math,easy,free_response,public_benchmark,1
q_000328,direct,coding,easy,free_response,public_benchmark,1
q_000328,reasoning,coding,easy,free_response,public_benchmark,1
q_000329,direct,coding,hard,multiple_choice,course_written,1
q_000329,reasoning,coding,hard,multiple_choice,course_written,1
q_000330,direct,factual,easy,multiple_choice,public_benchmark,1
q_000330,reasoning,factual,easy,multiple_choice,public_benchmark,1
q_000331,direct,math,hard,multiple_choice,public_benchmark,0
q_000331,reasoning,math,hard,multiple_choice,public_benchmark,1
q_000332,direct,math,easy,multiple_choice,course_written,1
q_000332,reasoning,math,easy,multiple_choice,course_written,1
q_000333,direct,math,easy,multiple_choice,course_written,0
q_000333,reasoning,math,easy,multiple_choice,course_written,1
q_000334,direct,factual,easy,multiple_choice,course_written,1
q_000334,reasoning,factual,easy,multiple_choice,course_written,0
q_000335,direct,math,hard,free_response,public_benchmark,0
q_000335,reasoning,math,hard,free_response,public_benchmark,0
q_000336,direct,factual,hard,multiple_choice,course_written,0
q_000336,reasoning,factual,hard,multiple_choice,course_written,0
q_000337,direct,coding,easy,multiple_choice,course_written,0
q_000337,reasoning,coding,easy,multiple_choice,course_written,1
q_000338,direct,math,hard,multiple_choice,public_benchmark,1
q_000338,reasoning,math,hard,multiple_choice,public_benchmark,1
q_000339,direct,factual,easy,multiple_choice,public_benchmark,0
q_000339,reasoning,factual,easy,multiple_choice,public_benchmark,0
q_000340,direct,factual,easy,free_response,public_benchmark,1
q_000340,reasoning,factual,easy,free_response,public_benchmark,1
q_000341,direct,math,easy,multiple_choice,public_benchmark,1
q_000341,reasoning,math,easy,multiple_choice,public_benchmark,1
q_000342,direct,factual,hard,free_response,public_benchmark,1
q_000342,reasoning,factual,hard,free_response,public_benchmark,1
q_000343,direct,coding,hard,free_response,public_benchmark,1
q_000343,reasoning,coding,hard,free_response,public_benchmark,1
q_000344,direct,coding,easy,multiple_choice,public_benchmark,0
q_000344,reasoning,coding,easy,multiple_choice,public_benchmark,1
q_000345,direct,math,hard,free_response,course_written,1
q_000345,reasoning,math,hard,free_response,course_written,1
q_000346,direct,math,easy,free_response,public_benchmark,1
q_000346,reasoning,math,easy,free_response,public_benchmark,1
q_000347,direct,coding,hard,multiple_choice,public_benchmark,0
q_000347,reasoning,coding,hard,multiple_choice,public_benchmark,0
q_000348,direct,factual,easy,free_response,course_written,0
q_000348,reasoning,factual,easy,free_response,course_written,0
q_000349,direct,factual,easy,free_response,course_written,1
q_000349,reasoning,factual,easy,free_response,course_written,1
q_000350,direct,coding,hard,multiple_choice,course_written,1
q_000350,reasoning,coding,hard,multiple_choice,course_written,1
q_000351,direct,factual,hard,multiple_choice,public_benchmark,0
q_000351,reasoning,factual,hard,multiple_choice,public_benchmark,0
q_000352,direct,math,easy,free_response,course_written,1
q_000352,reasoning,math,easy,free_response,course_written,1
q_000353,direct,math,hard,multiple_choice,course_written,0
q_000353,reasoning,math,hard,multiple_choice,course_written,1
q_000354,direct,math,hard,free_response,course_written,0
q_000354,reasoning,math,hard,free_response,course_written,0
q_000355,direct,math,easy,multiple_choice,public_benchmark,0
q_000355,reasoning,math,easy,multiple_choice,public_benchmark,0
q_000356,direct,coding,hard,free_response,course_written,0
q_000356,reasoning,coding,hard,free_response,course_written,0
q_000357,direct,math,easy,multiple_choice,public_benchmark,1
q_000357,reasoning,math,easy,multiple_choice,public_benchmark,1
q_000358,direct,math,easy,multiple_choice,public_benchmark,1
q_000358,reasoning,math,easy,multiple_choice,public_benchmark,1
q_000359,direct,coding,easy,free_response,public_benchmark,1
q_000359,reasoning,coding,easy,free_response,public_benchmark,1
q_000360,direct,factual,hard,free_response,public_benchmark,0
q_000360,reasoning,factual,hard,free_response,public_benchmark,0
q_000361,direct,coding,hard,multiple_choice,public_benchmark,0
q_000361,reasoning,coding,hard,multiple_choice,public_benchmark,0
q_000362,direct,factual,hard,free_response,public_benchmark,0
q_000362,reasoning,factual,hard,free_response,public_benchmark,0
q_000363,direct,coding,easy,multiple_choice,course_written,1
q_000363,reasoning,coding,easy,multiple_choice,course_written,1
q_000364,direct,math,easy,multiple_choice,public_benchmark,1
q_000364,reasoning,math,easy,multiple_choice,public_benchmark,1
q_000365,direct,math,hard,multiple_choice,public_benchmark,1
q_000365,reasoning,math,hard,multiple_choice,public_benchmark,1
q_000366,direct,coding,easy,free_response,public_benchmark,1
q_000366,reasoning,coding,easy,free_response,public_benchmark,1
q_000367,direct,math,easy,multiple_choice,public_benchmark,1
q_000367,reasoning,math,easy,multiple_choice,public_benchmark,0
q_000368,direct,math,hard,free_response,public_benchmark,0
q_000368,reasoning,math,hard,free_response,public_benchmark,0
q_000369,direct,coding,hard,free_response,public_benchmark,1
q_000369,reasoning,coding,hard,free_response,public_benchmark,0
q_000370,direct,coding,hard,multiple_choice,course_written,0
q_000370,reasoning,coding,hard,multiple_choice,course_written,0
q_000371,direct,math,hard,multiple_choice,course_written,1
q_000371,reasoning,math,hard,multiple_choice,course_written,1
q_000372,direct,coding,easy,free_response,public_benchmark,1
q_000372,reasoning,coding,easy,free_response,public_benchmark,1
q_000373,direct,coding,easy,free_response,course_written,1
q_000373,reasoning,coding,easy,free_response,course_written,1
q_000374,direct,factual,easy,multiple_choice,course_written,1
q_000374,reasoning,factual,easy,multiple_choice,course_written,1
q_000375,direct,factual,easy,multiple_choice,public_benchmark,0
q_000375,reasoning,factual,easy,multiple_choice,public_benchmark,0
q_000376,direct,factual,easy,free_response,course_written,0
q_000376,reasoning,factual,easy,free_response,course_written,0
q_000377,direct,factual,easy,free_response,public_benchmark,1
q_000377,reasoning,factual,easy,free_response,public_benchmark,1
q_000378,direct,coding,hard,free_response,course_written,1
q_000378,reasoning,coding,hard,free_response,course_written,1
q_000379,direct,math,hard,free_response,public_benchmark,1
q_000379,reasoning,math,hard,free_response,public_benchmark,1
q_000380,direct,factual,easy,free_response,course_written,0
q_000380,reasoning,factual,easy,free_response,course_written,0
q_000381,direct,math,hard,free_response,public_benchmark,0
q_000381,reasoning,math,hard,free_response,public_benchmark,0
q_000382,direct,factual,hard,multiple_choice,public_benchmark,1
q_000382,reasoning,factual,hard,multiple_choice,public_benchmark,1
q_000383,direct,coding,hard,multiple_choice,public_benchmark,1
q_000383,reasoning,coding,hard,multiple_choice,public_benchmark,1
q_000384,direct,coding,hard,multiple_choice,public_benchmark,0
q_000384,reasoning,coding,hard,multiple_choice,public_benchmark,0
q_000385,direct,coding,hard,free_response,course_written,1
q_000385,reasoning,coding,hard,free_response,course_written,1
q_000386,direct,factual,hard,multiple_choice,public_benchmark,1
q_000386,reasoning,factual,hard,multiple_choice,public_benchmark,0
q_000387,direct,coding,easy,multiple_choice,course_written,0
q_000387,reasoning,coding,easy,multiple_choice,course_written,1
q_000388,direct,math,easy,multiple_choice,public_benchmark,0
q_000388,reasoning,math,easy,multiple_choice,public_benchmark,0
q_000389,direct,math,easy,multiple_choice,public_benchmark,1
q_000389,reasoning,math,easy,multiple_choice,public_benchmark,1
q_000390,direct,math,easy,multiple_choice,course_written,1
q_000390,reasoning,math,easy,multiple_choice,course_written,0
q_000391,direct,coding,easy,free_response,public_benchmark,0
q_000391,reasoning,coding,easy,free_response,public_benchmark,0
q_000392,direct,coding,hard,multiple_choice,public_benchmark,0
q_000392,reasoning,coding,hard,multiple_choice,public_benchmark,0
q_000393,direct,math,easy,free_response,public_benchmark,0
q_000393,reasoning,math,easy,free_response,public_benchmark,0
q_000394,direct,math,easy,multiple_choice,public_benchmark,1
q_000394,reasoning,math,easy,multiple_choice,public_benchmark,1
q_000395,direct,factual,easy,multiple_choice,course_written,1
q_000395,reasoning,factual,easy,multiple_choice,course_written,1
q_000396,direct,coding,easy,multiple_choice,course_written,0
q_000396,reasoning,coding,easy,multiple_choice,course_written,0
q_000397,direct,math,hard,multiple_choice,public_benchmark,0
q_000397,reasoning,math,hard,multiple_choice,public_benchmark,0
q_000398,direct,factual,easy,multiple_choice,public_benchmark,0
q_000398,reasoning,factual,easy,multiple_choice,public_benchmark,0
q_000399,direct,math,hard,free_response,public_benchmark,0
q_000399,reasoning,math,hard,free_response,public_benchmark,0
q_000400,direct,factual,hard,multiple_choice,public_benchmark,0
q_000400,reasoning,factual,hard,multiple_choice,public_benchmark,0
q_000401,direct,factual,easy,multiple_choice,course_written,0
q_000401,reasoning,factual,easy,multiple_choice,course_written,1
q_000402,direct,factual,hard,free_response,course_written,0
q_000402,reasoning,factual,hard,free_response,course_written,0
q_000403,direct,factual,hard,free_response,public_benchmark,0
q_000403,reasoning,factual,hard,free_response,public_benchmark,1
q_000404,direct,coding,hard,multiple_choice,course_written,1
q_000404,reasoning,coding,hard,multiple_choice,course_written,1
q_000405,direct,math,hard,free_response,public_benchmark,0
q_000405,reasoning,math,hard,free_response,public_benchmark,0
q_000406,direct,coding,hard,free_response,public_benchmark,0
q_000406,reasoning,coding,hard,free_response,public_benchmark,0
q_000407,direct,coding,hard,free_response,course_written,1
q_000407,reasoning,coding,hard,free_response,course_written,1
q_000408,direct,math,easy,multiple_choice,public_benchmark,1
q_000408,reasoning,math,easy,multiple_choice,public_benchmark,1
q_000409,direct,coding,hard,multiple_choice,public_benchmark,0
q_000409,reasoning,coding,hard,multiple_choice,public_benchmark,1
q_000410,direct,coding,easy,free_response,public_benchmark,0
q_000410,reasoning,coding,easy,free_response,public_benchmark,0
q_000411,direct,coding,hard,multiple_choice,course_written,1
q_000411,reasoning,coding,hard,multiple_choice,course_written,1
q_000412,direct,factual,hard,free_response,public_benchmark,0
q_000412,reasoning,factual,hard,free_response,public_benchmark,1
q_000413,direct,math,easy,free_response,course_written,1
q_000413,reasoning,math,easy,free_response,course_written,1
q_000414,direct,factual,easy,multiple_choice,public_benchmark,0
q_000414,reasoning,factual,easy,multiple_choice,public_benchmark,0
q_000415,direct,math,hard,free_response,public_benchmark,0
q_000415,reasoning,math,hard,free_response,public_benchmark,0
q_000416,direct,math,hard,multiple_choice,course_written,1
q_000416,reasoning,math,hard,multiple_choice,course_written,1
q_000417,direct,factual,easy,free_response,public_benchmark,0
q_000417,reasoning,factual,easy,free_response,public_benchmark,0
q_000418,direct,math,easy,multiple_choice,course_written,0
q_000418,reasoning,math,easy,multiple_choice,course_written,1
q_000419,direct,math,easy,multiple_choice,public_benchmark,1
q_000419,reasoning,math,easy,multiple_choice,public_benchmark,1
q_000420,direct,factual,easy,free_response,public_benchmark,1
q_000420,reasoning,factual,easy,free_response,public_benchmark,0
q_000421,direct,factual,hard,multiple_choice,course_written,0
q_000421,reasoning,factual,hard,multiple_choice,course_written,0
q_000422,direct,coding,easy,free_response,public_benchmark,1
q_000422,reasoning,coding,easy,free_response,public_benchmark,1
q_000423,direct,factual,easy,free_response,public_benchmark,0
q_000423,reasoning,factual,easy,free_response,public_benchmark,1
q_000424,direct,math,easy,multiple_choice,public_benchmark,0
q_000424,reasoning,math,easy,multiple_choice,public_benchmark,1
q_000425,direct,math,easy,free_response,public_benchmark,0
q_000425,reasoning,math,easy,free_response,public_benchmark,1
q_000426,direct,coding,easy,multiple_choice,public_benchmark,1
q_000426,reasoning,coding,easy,multiple_choice,public_benchmark,0
q_000427,direct,factual,hard,free_response,public_benchmark,1
q_000427,reasoning,factual,hard,free_response,public_benchmark,1
q_000428,direct,coding,hard,multiple_choice,course_written,0
q_000428,reasoning,coding,hard,multiple_choice,course_written,0
q_000429,direct,factual,hard,multiple_choice,course_written,1
q_000429,reasoning,factual,hard,multiple_choice,course_written,0
q_000430,direct,factual,hard,free_response,course_written,1
q_000430,reasoning,factual,hard,free_response,course_written,1
q_000431,direct,math,hard,free_response,public_benchmark,1
q_000431,reasoning,math,hard,free_response,public_benchmark,1
q_000432,direct,factual,easy,multiple_choice,public_benchmark,1
q_000432,reasoning,factual,easy,multiple_choice,public_benchmark,1
q_000433,direct,math,hard,free_response,course_written,1
q_000433,reasoning,math,hard,free_response,course_written,1
q_000434,direct,coding,hard,free_response,course_written,0
q_000434,reasoning,coding,hard,free_response,course_written,0
q_000435,direct,math,hard,free_response,course_written,0
q_000435,reasoning,math,hard,free_response,course_written,0
q_000436,direct,factual,easy,multiple_choice,course_written,0
q_000436,reasoning,factual,easy,multiple_choice,course_written,0
q_000437,direct,math,hard,free_response,course_written,1
q_000437,reasoning,math,hard,free_response,course_written,1
q_000438,direct,math,easy,multiple_choice,course_written,1
q_000438,reasoning,math,easy,multiple_choice,course_written,1
q_000439,direct,math,hard,free_response,course_written,0
q_000439,reasoning,math,hard,free_response,course_written,0
q_000440,direct,factual,easy,free_response,course_written,1
q_000440,reasoning,factual,easy,free_response,course_written,1
q_000441,direct,factual,easy,free_response,public_benchmark,0
q_000441,reasoning,factual,easy,free_response,public_benchmark,0
q_000442,direct,coding,hard,free_response,public_benchmark,1
q_000442,reasoning,coding,hard,free_response,public_benchmark,1
q_000443,direct,math,hard,free_response,course_written,1
q_000443,reasoning,math,hard,free_response,course_written,1
q_000444,direct,factual,easy,multiple_choice,public_benchmark,1
q_000444,reasoning,factual,easy,multiple_choice,public_benchmark,1
q_000445,direct,coding,hard,free_response,public_benchmark,0
q_000445,reasoning,coding,hard,free_response,public_benchmark,0
q_000446,direct,factual,easy,multiple_choice,course_written,1
q_000446,reasoning,factual,easy,multiple_choice,course_written,1
q_000447,direct,factual,hard,multiple_choice,course_written,0
q_000447,reasoning,factual,hard,multiple_choice,course_written,0
q_000448,direct,math,easy,multiple_choice,course_written,1
q_000448,reasoning,math,easy,multiple_choice,course_written,1
q_000449,direct,coding,hard,free_response,public_benchmark,0
q_000449,reasoning,coding,hard,free_response,public_benchmark,0
q_000450,direct,math,hard,multiple_choice,course_written,0
q_000450,reasoning,math,hard,multiple_choice,course_written,0
q_000451,direct,coding,hard,free_response,course_written,0
q_000451,reasoning,coding,hard,free_response,course_written,0
q_000452,direct,math,easy,multiple_choice,course_written,1
q_000452,reasoning,math,easy,multiple_choice,course_written,1
q_000453,direct,factual,easy,free_response,public_benchmark,1
q_000453,reasoning,factual,easy,free_response,public_benchmark,1
q_000454,direct,coding,hard,free_response,public_benchmark,0
q_000454,reasoning,coding,hard,free_response,public_benchmark,0
q_000455,direct,math,easy,multiple_choice,course_written,0
q_000455,reasoning,math,easy,multiple_choice,course_written,0
q_000456,direct,factual,hard,multiple_choice,course_written,0
q_000456,reasoning,factual,hard,multiple_choice,course_written,0
q_000457,direct,coding,easy,free_response,public_benchmark,0
q_000457,reasoning,coding,easy,free_response,public_benchmark,1
q_000458,direct,math,easy,free_response,course_written,0
q_000458,reasoning,math,easy,free_response,course_written,1
q_000459,direct,math,easy,multiple_choice,public_benchmark,1
q_000459,reasoning,math,easy,multiple_choice,public_benchmark,0
q_000460,direct,math,hard,multiple_choice,public_benchmark,0
q_000460,reasoning,math,hard,multiple_choice,public_benchmark,0
q_000461,direct,math,easy,free_response,public_benchmark,0
q_000461,reasoning,math,easy,free_response,public_benchmark,1
q_000462,direct,math,easy,multiple_choice,course_written,1
q_000462,reasoning,math,easy,multiple_choice,course_written,1
q_000463,direct,math,easy,free_response,course_written,1
q_000463,reasoning,math,easy,free_response,course_written,1
q_000464,direct,coding,hard,multiple_choice,public_benchmark,0
q_000464,reasoning,coding,hard,multiple_choice,public_benchmark,1
q_000465,direct,factual,hard,free_response,public_benchmark,0
q_000465,reasoning,factual,hard,free_response,public_benchmark,0
q_000466,direct,factual,hard,multiple_choice,public_benchmark,0
q_000466,reasoning,factual,hard,multiple_choice,public_benchmark,0
q_000467,direct,math,hard,free_response,public_benchmark,0
q_000467,reasoning,math,hard,free_response,public_benchmark,1
q_000468,direct,factual,easy,free_response,public_benchmark,1
q_000468,reasoning,factual,easy,free_response,public_benchmark,1
q_000469,direct,coding,hard,multiple_choice,public_benchmark,0
q_000469,reasoning,coding,hard,multiple_choice,public_benchmark,0
q_000470,direct,math,easy,free_response,course_written,1
q_000470,reasoning,math,easy,free_response,course_written,0
q_000471,direct,coding,hard,multiple_choice,course_written,0
q_000471,reasoning,coding,hard,multiple_choice,course_written,0
q_000472,direct,coding,hard,multiple_choice,public_benchmark,0
q_000472,reasoning,coding,hard,multiple_choice,public_benchmark,1
q_000473,direct,math,easy,free_response,course_written,1
q_000473,reasoning,math,easy,free_response,course_written,1
q_000474,direct,coding,easy,multiple_choice,public_benchmark,0
q_000474,reasoning,coding,easy,multiple_choice,public_benchmark,0
q_000475,direct,factual,easy,multiple_choice,public_benchmark,0
q_000475,reasoning,factual,easy,multiple_choice,public_benchmark,0
q_000476,direct,factual,easy,multiple_choice,course_written,1
q_000476,reasoning,factual,easy,multiple_choice,course_written,1
q_000477,direct,math,hard,multiple_choice,public_benchmark,0
q_000477,reasoning,math,hard,multiple_choice,public_benchmark,0
q_000478,direct,factual,easy,free_response,public_benchmark,0
q_000478,reasoning,factual,easy,free_response,public_benchmark,0
q_000479,direct,math,easy,free_response,public_benchmark,1
q_000479,reasoning,math,easy,free_response,public_benchmark,1
q_000480,direct,factual,easy,free_response,course_written,0
q_000480,reasoning,factual,easy,free_response,course_written,0
q_000481,direct,math,hard,multiple_choice,public_benchmark,0
q_000481,reasoning,math,hard,multiple_choice,public_benchmark,1
q_000482,direct,factual,easy,multiple_choice,public_benchmark,1
q_000482,reasoning,factual,easy,multiple_choice,public_benchmark,1
q_000483,direct,math,hard,multiple_choice,public_benchmark,0
q_000483,reasoning,math,hard,multiple_choice,public_benchmark,0
q_000484,direct,math,easy,multiple_choice,public_benchmark,1
q_000484,reasoning,math,easy,multiple_choice,public_benchmark,1
q_000485,direct,factual,hard,multiple_choice,course_written,1
q_000485,reasoning,factual,hard,multiple_choice,course_written,1
q_000486,direct,factual,easy,free_response,course_written,1
q_000486,reasoning,factual,easy,free_response,course_written,0
q_000487,direct,coding,hard,multiple_choice,public_benchmark,1
q_000487,reasoning,coding,hard,multiple_choice,public_benchmark,0
q_000488,direct,coding,easy,free_response,public_benchmark,0
q_000488,reasoning,coding,easy,free_response,public_benchmark,0
q_000489,direct,coding,easy,multiple_choice,course_written,0
q_000489,reasoning,coding,easy,multiple_choice,course_written,0
q_000490,direct,factual,easy,multiple_choice,public_benchmark,0
q_000490,reasoning,factual,easy,multiple_choice,public_benchmark,0
q_000491,direct,coding,easy,multiple_choice,public_benchmark,0
q_000491,reasoning,coding,easy,multiple_choice,public_benchmark,1
q_000492,direct,math,hard,multiple_choice,course_written,0
q_000492,reasoning,math,hard,multiple_choice,course_written,1
q_000493,direct,math,easy,free_response,public_benchmark,1
q_000493,reasoning,math,easy,free_response,public_benchmark,0
q_000494,direct,coding,hard,free_response,public_benchmark,0
q_000494,reasoning,coding,hard,free_response,public_benchmark,1
q_000495,direct,factual,easy,multiple_choice,course_written,1
q_000495,reasoning,factual,easy,multiple_choice,course_written,1
q_000496,direct,coding,hard,multiple_choice,public_benchmark,0
q_000496,reasoning,coding,hard,multiple_choice,public_benchmark,0
q_000497,direct,factual,easy,multiple_choice,course_written,1
q_000497,reasoning,factual,easy,multiple_choice,course_written,0
q_000498,direct,math,easy,free_response,course_written,0
q_000498,reasoning,math,easy,free_response,course_written,1
q_000499,direct,coding,hard,multiple_choice,public_benchmark,1
q_000499,reasoning,coding,hard,multiple_choice,public_benchmark,1
q_000500,direct,coding,easy,multiple_choice,course_written,1
q_000500,reasoning,coding,easy,multiple_choice,course_written,1
q_000501,direct,factual,easy,multiple_choice,course_written,1
q_000501,reasoning,factual,easy,multiple_choice,course_written,1
q_000502,direct,math,easy,multiple_choice,public_benchmark,0
q_000502,reasoning,math,easy,multiple_choice,public_benchmark,1
q_000503,direct,coding,hard,free_response,public_benchmark,0
q_000503,reasoning,coding,hard,free_response,public_benchmark,1
q_000504,direct,math,easy,free_response,course_written,1
q_000504,reasoning,math,easy,free_response,course_written,1
q_000505,direct,coding,hard,multiple_choice,public_benchmark,0
q_000505,reasoning,coding,hard,multiple_choice,public_benchmark,0
q_000506,direct,factual,easy,free_response,course_written,1
q_000506,reasoning,factual,easy,free_response,course_written,1
q_000507,direct,coding,hard,free_response,public_benchmark,0
q_000507,reasoning,coding,hard,free_response,public_benchmark,0
q_000508,direct,coding,hard,free_response,public_benchmark,0
q_000508,reasoning,coding,hard,free_response,public_benchmark,0
q_000509,direct,math,easy,free_response,public_benchmark,0
q_000509,reasoning,math,easy,free_response,public_benchmark,0
q_000510,direct,coding,hard,free_response,course_written,0
q_000510,reasoning,coding,hard,free_response,course_written,0
q_000511,direct,coding,easy,multiple_choice,public_benchmark,1
q_000511,reasoning,coding,easy,multiple_choice,public_benchmark,1
q_000512,direct,math,hard,multiple_choice,public_benchmark,1
q_000512,reasoning,math,hard,multiple_choice,public_benchmark,1
q_000513,direct,coding,easy,free_response,public_benchmark,0
q_000513,reasoning,coding,easy,free_response,public_benchmark,1
q_000514,direct,math,hard,multiple_choice,public_benchmark,1
q_000514,reasoning,math,hard,multiple_choice,public_benchmark,1
q_000515,direct,coding,hard,multiple_choice,public_benchmark,0
q_000515,reasoning,coding,hard,multiple_choice,public_benchmark,0
q_000516,direct,factual,hard,free_response,course_written,1
q_000516,reasoning,factual,hard,free_response,course_written,1
q_000517,direct,coding,easy,multiple_choice,course_written,0
q_000517,reasoning,coding,easy,multiple_choice,course_written,0
q_000518,direct,factual,easy,multiple_choice,course_written,1
q_000518,reasoning,factual,easy,multiple_choice,course_written,1
q_000519,direct,coding,easy,multiple_choice,public_benchmark,0
q_000519,reasoning,coding,easy,multiple_choice,public_benchmark,1
q_000520,direct,math,easy,multiple_choice,course_written,1
q_000520,reasoning,math,easy,multiple_choice,course_written,1
q_000521,direct,coding,hard,multiple_choice,public_benchmark,0
q_000521,reasoning,coding,hard,multiple_choice,public_benchmark,0
q_000522,direct,factual,easy,free_response,public_benchmark,1
q_000522,reasoning,factual,easy,free_response,public_benchmark,1
q_000523,direct,math,hard,multiple_choice,public_benchmark,0
q_000523,reasoning,math,hard,multiple_choice,public_benchmark,0
q_000524,direct,math,easy,multiple_choice,course_written,1
q_000524,reasoning,math,easy,multiple_choice,course_written,1
q_000525,direct,math,hard,multiple_choice,public_benchmark,0
q_000525,reasoning,math,hard,multiple_choice,public_benchmark,1
q_000526,direct,coding,easy,multiple_choice,public_benchmark,1
q_000526,reasoning,coding,easy,multiple_choice,public_benchmark,1
q_000527,direct,coding,hard,multiple_choice,public_benchmark,1
q_000527,reasoning,coding,hard,multiple_choice,public_benchmark,1
q_000528,direct,coding,easy,free_response,public_benchmark,1
q_000528,reasoning,coding,easy,free_response,public_benchmark,1
q_000529,direct,coding,hard,multiple_choice,course_written,0
q_000529,reasoning,coding,hard,multiple_choice,course_written,0
q_000530,direct,factual,easy,free_response,public_benchmark,0
q_000530,reasoning,factual,easy,free_response,public_benchmark,0
q_000531,direct,coding,hard,multiple_choice,public_benchmark,0
q_000531,reasoning,coding,hard,multiple_choice,public_benchmark,1
q_000532,direct,factual,easy,multiple_choice,course_written,1
q_000532,reasoning,factual,easy,multiple_choice,course_written,1
q_000533,direct,coding,hard,multiple_choice,public_benchmark,1
q_000533,reasoning,coding,hard,multiple_choice,public_benchmark,1
q_000534,direct,factual,easy,free_response,course_written,0
q_000534,reasoning,factual,easy,free_response,course_written,1
q_000535,direct,math,hard,multiple_choice,course_written,0
q_000535,reasoning,math,hard,multiple_choice,course_written,0
q_000536,direct,factual,hard,multiple_choice,course_written,0
q_000536,reasoning,factual,hard,multiple_choice,course_written,0
q_000537,direct,factual,easy,free_response,course_written,1
q_000537,reasoning,factual,easy,free_response,course_written,1
q_000538,direct,math,easy,free_response,public_benchmark,0
q_000538,reasoning,math,easy,free_response,public_benchmark,0
q_000539,direct,factual,easy,free_response,course_written,1
q_000539,reasoning,factual,easy,free_response,course_written,1
q_000540,direct,math,easy,multiple_choice,course_written,1
q_000540,reasoning,math,easy,multiple_choice,course_written,1
q_000541,direct,math,hard,free_response,public_benchmark,0
q_000541,reasoning,math,hard,free_response,public_benchmark,0
q_000542,direct,math,easy,multiple_choice,public_benchmark,0
q_000542,reasoning,math,easy,multiple_choice,public_benchmark,0
q_000543,direct,factual,hard,free_response,public_benchmark,0
q_000543,reasoning,factual,hard,free_response,public_benchmark,1
q_000544,direct,math,hard,multiple_choice,course_written,1
q_000544,reasoning,math,hard,multiple_choice,course_written,1
q_000545,direct,coding,hard,multiple_choice,course_written,0
q_000545,reasoning,coding,hard,multiple_choice,course_written,0
q_000546,direct,coding,easy,multiple_choice,course_written,1
q_000546,reasoning,coding,easy,multiple_choice,course_written,1
q_000547,direct,math,hard,free_response,public_benchmark,0
q_000547,reasoning,math,hard,free_response,public_benchmark,1
q_000548,direct,factual,easy,multiple_choice,public_benchmark,1
q_000548,reasoning,factual,easy,multiple_choice,public_benchmark,1
q_000549,direct,coding,easy,free_response,public_benchmark,1
q_000549,reasoning,coding,easy,free_response,public_benchmark,1
q_000550,direct,coding,hard,multiple_choice,public_benchmark,1
q_000550,reasoning,coding,hard,multiple_choice,public_benchmark,1
q_000551,direct,coding,easy,multiple_choice,course_written,1
q_000551,reasoning,coding,easy,multiple_choice,course_written,1
q_000552,direct,coding,hard,multiple_choice,course_written,0
q_000552,reasoning,coding,hard,multiple_choice,course_written,0
q_000553,direct,factual,hard,free_response,public_benchmark,1
q_000553,reasoning,factual,hard,free_response,public_benchmark,1
q_000554,direct,math,hard,free_response,public_benchmark,0
q_000554,reasoning,math,hard,free_response,public_benchmark,1
q_000555,direct,coding,easy,multiple_choice,public_benchmark,0
q_000555,reasoning,coding,easy,multiple_choice,public_benchmark,0
q_000556,direct,factual,hard,multiple_choice,public_benchmark,0
q_000556,reasoning,factual,hard,multiple_choice,public_benchmark,0
q_000557,direct,coding,hard,multiple_choice,public_benchmark,0
q_000557,reasoning,coding,hard,multiple_choice,public_benchmark,0
q_000558,direct,math,easy,multiple_choice,course_written,1
q_000558,reasoning,math,easy,multiple_choice,course_written,1
q_000559,direct,coding,hard,multiple_choice,public_benchmark,0
q_000559,reasoning,coding,hard,multiple_choice,public_benchmark,1
q_000560,direct,factual,easy,free_response,public_benchmark,1
q_000560,reasoning,factual,easy,free_response,public_benchmark,1
q_000561,direct,math,easy,multiple_choice,public_benchmark,0
q_000561,reasoning,math,easy,multiple_choice,public_benchmark,1
q_000562,direct,math,hard,free_response,course_written,0
q_000562,reasoning,math,hard,free_response,course_written,0
q_000563,direct,math,hard,free_response,course_written,0
q_000563,reasoning,math,hard,free_response,course_written,0
q_000564,direct,math,hard,multiple_choice,public_benchmark,0
q_000564,reasoning,math,hard,multiple_choice,public_benchmark,1
q_000565,direct,factual,easy,free_response,public_benchmark,1
q_000565,reasoning,factual,easy,free_response,public_benchmark,1
q_000566,direct,math,easy,free_response,public_benchmark,0
q_000566,reasoning,math,easy,free_response,public_benchmark,0
q_000567,direct,coding,hard,multiple_choice,public_benchmark,1
q_000567,reasoning,coding,hard,multiple_choice,public_benchmark,1
q_000568,direct,factual,easy,free_response,course_written,1
q_000568,reasoning,factual,easy,free_response,course_written,1
q_000569,direct,factual,easy,free_response,public_benchmark,0
q_000569,reasoning,factual,easy,free_response,public_benchmark,0
q_000570,direct,factual,easy,multiple_choice,public_benchmark,0
q_000570,reasoning,factual,easy,multiple_choice,public_benchmark,0
q_000571,direct,factual,easy,free_response,public_benchmark,1
q_000571,reasoning,factual,easy,free_response,public_benchmark,1
q_000572,direct,coding,hard,multiple_choice,public_benchmark,1
q_000572,reasoning,coding,hard,multiple_choice,public_benchmark,1
q_000573,direct,factual,hard,multiple_choice,public_benchmark,0
q_000573,reasoning,factual,hard,multiple_choice,public_benchmark,0
q_000574,direct,coding,easy,multiple_choice,public_benchmark,0
q_000574,reasoning,coding,easy,multiple_choice,public_benchmark,1
q_000575,direct,factual,easy,multiple_choice,public_benchmark,1
q_000575,reasoning,factual,easy,multiple_choice,public_benchmark,1
q_000576,direct,coding,hard,multiple_choice,course_written,0
q_000576,reasoning,coding,hard,multiple_choice,course_written,1
q_000577,direct,factual,easy,free_response,public_benchmark,1
q_000577,reasoning,factual,easy,free_response,public_benchmark,0
q_000578,direct,factual,easy,free_response,course_written,1
q_000578,reasoning,factual,easy,free_response,course_written,1
q_000579,direct,math,hard,free_response,public_benchmark,0
q_000579,reasoning,math,hard,free_response,public_benchmark,0
q_000580,direct,factual,hard,free_response,course_written,1
q_000580,reasoning,factual,hard,free_response,course_written,1
q_000581,direct,math,easy,free_response,public_benchmark,1
q_000581,reasoning,math,easy,free_response,public_benchmark,0
q_000582,direct,math,hard,free_response,course_written,0
q_000582,reasoning,math,hard,free_response,course_written,0
q_000583,direct,coding,hard,multiple_choice,public_benchmark,0
q_000583,reasoning,coding,hard,multiple_choice,public_benchmark,0
q_000584,direct,coding,hard,free_response,public_benchmark,0
q_000584,reasoning,coding,hard,free_response,public_benchmark,0
q_000585,direct,coding,easy,multiple_choice,public_benchmark,1
q_000585,reasoning,coding,easy,multiple_choice,public_benchmark,1
q_000586,direct,coding,easy,free_response,public_benchmark,0
q_000586,reasoning,coding,easy,free_response,public_benchmark,1
q_000587,direct,coding,easy,free_response,public_benchmark,1
q_000587,reasoning,coding,easy,free_response,public_benchmark,1
q_000588,direct,factual,hard,multiple_choice,course_written,0
q_000588,reasoning,factual,hard,multiple_choice,course_written,0
q_000589,direct,math,easy,free_response,course_written,0
q_000589,reasoning,math,easy,free_response,course_written,0
q_000590,direct,factual,easy,free_response,course_written,0
q_000590,reasoning,factual,easy,free_response,course_written,1
q_000591,direct,coding,hard,multiple_choice,public_benchmark,0
q_000591,reasoning,coding,hard,multiple_choice,public_benchmark,0
q_000592,direct,coding,hard,free_response,course_written,1
q_000592,reasoning,coding,hard,free_response,course_written,1
q_000593,direct,math,easy,multiple_choice,course_written,0
q_000593,reasoning,math,easy,multiple_choice,course_written,0
q_000594,direct,math,easy,multiple_choice,course_written,1
q_000594,reasoning,math,easy,multiple_choice,course_written,1
q_000595,direct,coding,hard,multiple_choice,public_benchmark,1
q_000595,reasoning,coding,hard,multiple_choice,public_benchmark,1
q_000596,direct,coding,hard,multiple_choice,course_written,1
q_000596,reasoning,coding,hard,multiple_choice,course_written,1
q_000597,direct,coding,hard,free_response,public_benchmark,1
q_000597,reasoning,coding,hard,free_response,public_benchmark,1
q_000598,direct,coding,easy,multiple_choice,course_written,1
q_000598,reasoning,coding,easy,multiple_choice,course_written,0
q_000599,direct,factual,easy,free_response,public_benchmark,1
q_000599,reasoning,factual,easy,free_response,public_benchmark,1
q_000600,direct,factual,hard,multiple_choice,public_benchmark,1
q_000600,reasoning,factual,hard,multiple_choice,public_benchmark,1
